{
  "generated_at": "2025-06-27T20:28:21.671712+00:00",
  "generation_time": 0.3089747428894043,
  "total_records": 0,
  "total_fish_species": 0
}