{
  "generated_at": "2025-07-15T22:19:59.921746+00:00",
  "generation_time": 0.0021393299102783203,
  "total_records": 0,
  "total_fish_species": 0
}